{"cameraMode":{"drawMode":0,"name":"Shaded","section":"Shading Mode"},"sceneLighting":true,"audioPlay":false,"sceneViewState":{"m_AlwaysRefresh":false,"showFog":true,"showSkybox":true,"showFlares":true,"showImageEffects":true,"showParticleSystems":true,"showVisualEffectGraphs":true,"m_FxEnabled":true},"in2DMode":false,"pivot":{"x":-34.48789978027344,"y":-12.725724220275879,"z":33.61492919921875},"rotation":{"x":-0.2625780701637268,"y":0.14464080333709718,"z":-0.039845265448093417,"w":-0.9531762599945068},"size":36.525733947753909,"orthographic":false}