{"cameraMode":{"drawMode":0,"name":"Shaded","section":"Shading Mode"},"sceneLighting":true,"audioPlay":false,"sceneViewState":{"m_AlwaysRefresh":false,"showFog":true,"showSkybox":true,"showFlares":true,"showImageEffects":true,"showParticleSystems":true,"showVisualEffectGraphs":true,"m_FxEnabled":true},"in2DMode":false,"pivot":{"x":74.31678771972656,"y":352.72967529296877,"z":29.244504928588868},"rotation":{"x":0.013487087562680245,"y":0.04408391937613487,"z":-0.000594279554206878,"w":0.9989386796951294},"size":61.548545837402347,"orthographic":false}